match_id,team,predicted_corners
M2023001,team_01,6.3599195557325015
M2023001,team_02,11.346134726781546
M2023002,team_01,6.721575017910552
M2023002,team_05,7.282077337027211
M2023003,team_01,6.055924830609182
M2023003,team_06,3.705375723086489
M2023004,team_01,6.312997583208075
M2023004,team_07,5.779908666979697
M2023005,team_01,6.730813382750511
M2023005,team_09,5.035573784367854
M2023006,team_01,5.846989994919814
M2023006,team_18,6.080216960802969
M2023007,team_01,7.8093106088847986
M2023007,team_19,5.372182560960091
M2023008,team_01,5.810136807785264
M2023008,team_27,6.473926796628832
M2023009,team_01,5.510578011422887
M2023009,team_28,5.1870331600728665
M2023010,team_01,6.612380995680657
M2023010,team_29,6.043897435028519
M2023011,team_01,7.042770145524087
M2023011,team_33,4.325897649590429
M2023012,team_01,8.09451013298932
M2023012,team_39,5.130363823874103
M2023013,team_01,7.142400481359932
M2023013,team_42,5.136390458537418
M2023014,team_01,6.457859601737356
M2023014,team_43,7.215629776635953
M2023015,team_01,7.083155923439138
M2023015,team_46,4.010062967372194
M2023016,team_01,7.098379106620316
M2023016,team_47,5.307327196693569
M2023017,team_01,5.923205102383324
M2023017,team_48,7.010869455897355
M2023018,team_01,6.61828753589414
M2023018,team_51,5.669481980606742
M2023019,team_01,5.904597602255812
M2023019,team_52,5.1673105707293825
M2023020,team_02,9.707789168768903
M2023020,team_05,5.955353815369639
M2023021,team_02,11.110392463982123
M2023021,team_06,2.995762062557143
M2023022,team_02,11.060584515892572
M2023022,team_07,5.113724660710432
M2023023,team_02,9.07722187784713
M2023023,team_09,3.43826562005547
M2023024,team_02,9.662603833462313
M2023024,team_18,7.619974101447831
M2023025,team_02,9.89963671686115
M2023025,team_19,6.028027725258859
M2023026,team_02,12.458966583295085
M2023026,team_27,5.419858760842144
M2023027,team_02,10.827004921660434
M2023027,team_28,5.909637860156908
M2023028,team_02,10.075924793312772
M2023028,team_29,7.70604319980671
M2023029,team_02,8.694968957485562
M2023029,team_33,4.6231960655062245
M2023030,team_02,10.701691806363483
M2023030,team_39,4.317133695487055
M2023031,team_02,9.74768571677205
M2023031,team_42,5.911603183729804
M2023032,team_02,11.783466881823871
M2023032,team_43,6.5704472180834355
M2023033,team_02,9.94593315452136
M2023033,team_46,3.939152396809689
M2023034,team_02,8.424323775082179
M2023034,team_47,5.311550112717151
M2023035,team_02,8.764579051416153
M2023035,team_48,5.890676957774775
M2023036,team_02,9.351130129266553
M2023036,team_51,3.7729978111627536
M2023037,team_02,12.642713183186906
M2023037,team_52,4.908647854935631
M2023038,team_05,9.721040757693219
M2023038,team_06,4.576909841759122
M2023039,team_05,8.23661270907848
M2023039,team_07,4.3837919392550475
M2023040,team_05,10.093850128421867
M2023040,team_09,5.056088795214831
M2023041,team_05,7.4722774191814105
M2023041,team_18,5.742806858757609
M2023042,team_05,9.699553542636076
M2023042,team_19,5.966288308331987
M2023043,team_05,8.842656614294931
M2023043,team_27,5.149140748210704
M2023044,team_05,7.903936935116426
M2023044,team_28,6.342571448131793
M2023045,team_05,9.745361384761695
M2023045,team_29,4.927328977044275
M2023046,team_05,9.150223102755552
M2023046,team_33,4.546139140835581
M2023047,team_05,8.478379385898696
M2023047,team_39,4.730661021851464
M2023048,team_05,8.785949680414028
M2023048,team_42,6.936189877509345
M2023049,team_05,8.63208875993477
M2023049,team_43,7.035281041045254
M2023050,team_05,8.35096627741414
M2023050,team_46,4.491582243007696
M2023051,team_05,9.910280249133825
M2023051,team_47,6.297010626325006
M2023052,team_05,7.344103947944826
M2023052,team_48,6.808051349655396
M2023053,team_05,8.812540922825196
M2023053,team_51,3.6700871551733587
M2023054,team_05,6.878552437946619
M2023054,team_52,5.524413034396304
M2023055,team_06,3.929720569337097
M2023055,team_07,3.8491135452270333
M2023056,team_06,4.124599496350062
M2023056,team_09,4.394109189910709
M2023057,team_06,5.142266070067895
M2023057,team_18,7.184978893949379
M2023058,team_06,4.957330382291366
M2023058,team_19,7.748439496720093
M2023059,team_06,3.6617762108081995
M2023059,team_27,6.487122226315809
M2023060,team_06,5.150750995681437
M2023060,team_28,6.413488099490395
M2023061,team_06,4.137723566422491
M2023061,team_29,6.083350098533889
M2023062,team_06,4.147524218229999
M2023062,team_33,5.1603179429941575
M2023063,team_06,6.59851514101705
M2023063,team_39,5.336284553420639
M2023064,team_06,4.7770212412176365
M2023064,team_42,6.254397118354652
M2023065,team_06,5.080355996709218
M2023065,team_43,5.861195495659312
M2023066,team_06,5.054048748151165
M2023066,team_46,4.420110386502562
M2023067,team_06,5.471258905750013
M2023067,team_47,6.222950988355144
M2023068,team_06,4.972755700833193
M2023068,team_48,5.852492666140089
M2023069,team_06,5.735588396449624
M2023069,team_51,5.268118703041732
M2023070,team_06,3.8579292552875875
M2023070,team_52,6.072681199525718
M2023071,team_07,4.9837513032800755
M2023071,team_09,4.839442612790194
M2023072,team_07,7.266845195992815
M2023072,team_18,4.979620256994107
M2023073,team_07,5.500967371036301
M2023073,team_19,6.22333514857918
M2023074,team_07,5.556679020698744
M2023074,team_27,4.290059337836572
M2023075,team_07,5.63683594407469
M2023075,team_28,5.003091363308833
M2023076,team_07,6.167592684515968
M2023076,team_29,7.645074777073789
M2023077,team_07,6.453676716037969
M2023077,team_33,5.196999316312295
M2023078,team_07,6.764581583396591
M2023078,team_39,4.220952289473156
M2023079,team_07,6.350958572019882
M2023079,team_42,5.105836192268672
M2023080,team_07,6.212729648244705
M2023080,team_43,7.021435171153085
M2023081,team_07,5.7505040291329514
M2023081,team_46,4.709525183160077
M2023082,team_07,5.3805795843284745
M2023082,team_47,4.2940509647086795
M2023083,team_07,6.848165912333786
M2023083,team_48,6.892280779270452
M2023084,team_07,4.696171815896087
M2023084,team_51,5.0916551437704864
M2023085,team_07,5.675865042826856
M2023085,team_52,5.0009377562473745
M2023086,team_09,5.872584234270862
M2023086,team_18,6.685319718250802
M2023087,team_09,5.014783003107383
M2023087,team_19,6.272801080462839
M2023088,team_09,5.793969420675537
M2023088,team_27,4.285800744173388
M2023089,team_09,6.535795814853642
M2023089,team_28,5.74262787055739
M2023090,team_09,6.646386480344881
M2023090,team_29,8.162177828778521
M2023091,team_09,5.161243372120669
M2023091,team_33,5.387313854887831
M2023092,team_09,6.7261713398006835
M2023092,team_39,6.017795231854724
M2023093,team_09,5.513882534604623
M2023093,team_42,6.989048044299478
M2023094,team_09,6.281589891038396
M2023094,team_43,7.523179728394077
M2023095,team_09,5.160279924911212
M2023095,team_46,4.542182562232365
M2023096,team_09,7.105631179500409
M2023096,team_47,5.637113853230017
M2023097,team_09,6.321668874642368
M2023097,team_48,7.354836669632445
M2023098,team_09,4.950559748580352
M2023098,team_51,4.8648307881112
M2023099,team_09,6.4075509129896835
M2023099,team_52,4.147057398753187
M2023100,team_18,6.47758008158416
M2023100,team_19,6.519590953001976
M2023101,team_18,5.857359262549038
M2023101,team_27,5.016929850970024
M2023102,team_18,5.749698983540585
M2023102,team_28,6.699174757674861
M2023103,team_18,7.718265090323283
M2023103,team_29,7.418287905031998
M2023104,team_18,6.446057026667489
M2023104,team_33,4.7566312612194155
M2023105,team_18,7.082140774056889
M2023105,team_39,5.859126474418434
M2023106,team_18,6.02756619656864
M2023106,team_42,5.335316457087158
M2023107,team_18,6.62589111957082
M2023107,team_43,9.508705037684878
M2023108,team_18,6.44558342533824
M2023108,team_46,3.6344384123923037
M2023109,team_18,6.263196820616498
M2023109,team_47,4.581212354931773
M2023110,team_18,6.789067703696279
M2023110,team_48,5.237697930155902
M2023111,team_18,8.113758142481647
M2023111,team_51,4.709137167167049
M2023112,team_18,5.52650837239178
M2023112,team_52,5.17239719680328
M2023113,team_19,6.139747442007231
M2023113,team_27,4.68499827871394
M2023114,team_19,7.522953569740529
M2023114,team_28,5.969485913416786
M2023115,team_19,6.877340719494224
M2023115,team_29,7.747246329306674
M2023116,team_19,6.932219307602282
M2023116,team_33,5.055805201189686
M2023117,team_19,7.9524522701037395
M2023117,team_39,4.118699215875021
M2023118,team_19,6.829084956108824
M2023118,team_42,4.412534789379686
M2023119,team_19,6.7346413525119715
M2023119,team_43,7.695869255232964
M2023120,team_19,6.673071304889305
M2023120,team_46,4.428628363469033
M2023121,team_19,7.260024503459408
M2023121,team_47,4.716917382430839
M2023122,team_19,6.91143964389392
M2023122,team_48,7.254198817483166
M2023123,team_19,7.337152856713472
M2023123,team_51,5.178988154036452
M2023124,team_19,7.639152470760083
M2023124,team_52,4.475009220268957
M2023125,team_27,6.437418461745405
M2023125,team_28,5.678724647475337
M2023126,team_27,6.15310014655782
M2023126,team_29,5.967118051965461
M2023127,team_27,5.165114857441474
M2023127,team_33,4.373149221063933
M2023128,team_27,6.120130481088819
M2023128,team_39,4.78620927279328
M2023129,team_27,8.406925950464647
M2023129,team_42,6.897105966275133
M2023130,team_27,4.923997409115247
M2023130,team_43,7.24692377607019
M2023131,team_27,6.886990991730123
M2023131,team_46,4.127836538743852
M2023132,team_27,7.085048549329895
M2023132,team_47,6.509024681490575
M2023133,team_27,8.33284459309256
M2023133,team_48,7.1143776370568155
M2023134,team_27,7.374605643122381
M2023134,team_51,5.5886850586193635
M2023135,team_27,5.570733357069513
M2023135,team_52,4.2282153498084405
M2023136,team_28,6.148168223497644
M2023136,team_29,6.02533179326904
M2023137,team_28,7.469416743255757
M2023137,team_33,6.297901804621861
M2023138,team_28,5.869922871938251
M2023138,team_39,6.27458949639597
M2023139,team_28,5.560979475407945
M2023139,team_42,5.270638153903861
M2023140,team_28,6.461439787650037
M2023140,team_43,7.332006381970104
M2023141,team_28,5.584612833035042
M2023141,team_46,3.50612977295968
M2023142,team_28,7.925449831939053
M2023142,team_47,4.837326590956469
M2023143,team_28,6.20472970314504
M2023143,team_48,5.221295772817223
M2023144,team_28,5.673166885297778
M2023144,team_51,5.33570979086196
M2023145,team_28,6.5757335295434345
M2023145,team_52,4.124294967878457
M2023146,team_29,8.542563198473088
M2023146,team_33,6.478659210538006
M2023147,team_29,6.460426279602455
M2023147,team_39,5.329564736121102
M2023148,team_29,7.610081618856391
M2023148,team_42,6.525284576488658
M2023149,team_29,6.684962171426611
M2023149,team_43,7.458138583834226
M2023150,team_29,7.772372743694464
M2023150,team_46,4.41682511841168
M2023151,team_29,7.536098402621861
M2023151,team_47,6.605195328728616
M2023152,team_29,8.690693857421397
M2023152,team_48,5.922276995529322
M2023153,team_29,8.986223813134387
M2023153,team_51,5.011966259088797
M2023154,team_29,6.535973104446162
M2023154,team_52,5.163537453610643
M2023155,team_33,5.139202011583698
M2023155,team_39,4.127896481415878
M2023156,team_33,3.9173188217854684
M2023156,team_42,6.624929346140181
M2023157,team_33,5.433252153242042
M2023157,team_43,6.12072136339032
M2023158,team_33,6.437891132732129
M2023158,team_46,3.787320653980524
M2023159,team_33,4.661425719712713
M2023159,team_47,5.138359655290199
M2023160,team_33,5.1846794556924705
M2023160,team_48,6.314251553922179
M2023161,team_33,5.061127087735293
M2023161,team_51,5.663646112054486
M2023162,team_33,5.5760464021966945
M2023162,team_52,4.574675837171884
M2023163,team_39,6.867362788626877
M2023163,team_42,7.482552246992446
M2023164,team_39,4.705045391814165
M2023164,team_43,8.973294619413473
M2023165,team_39,5.596825982003645
M2023165,team_46,3.85330917594902
M2023166,team_39,4.786883639535939
M2023166,team_47,6.133400989432951
M2023167,team_39,5.338648849645903
M2023167,team_48,6.085663982456436
M2023168,team_39,6.489258351537318
M2023168,team_51,5.004418680167209
M2023169,team_39,4.822988340594375
M2023169,team_52,5.0614427404263065
M2023170,team_42,7.5956386279560375
M2023170,team_43,6.78079199514211
M2023171,team_42,6.406936966052462
M2023171,team_46,4.860615167132636
M2023172,team_42,6.346708046214461
M2023172,team_47,6.938780616954984
M2023173,team_42,7.196526849988671
M2023173,team_48,6.0535118991132
M2023174,team_42,5.447716779398626
M2023174,team_51,4.288323844731373
M2023175,team_42,5.520862171549291
M2023175,team_52,5.429018447103997
M2023176,team_43,9.530577928410334
M2023176,team_46,4.492206329094194
M2023177,team_43,6.893101765028585
M2023177,team_47,3.5114863594602554
M2023178,team_43,9.40698369574368
M2023178,team_48,5.278106313432251
M2023179,team_43,8.054440764436237
M2023179,team_51,4.552622496717517
M2023180,team_43,8.000085169033566
M2023180,team_52,4.830113542993351
M2023181,team_46,5.377785890485013
M2023181,team_47,7.867637755499726
M2023182,team_46,4.7715610982437315
M2023182,team_48,6.124251663722052
M2023183,team_46,4.433045277388546
M2023183,team_51,5.357350261457749
M2023184,team_46,4.152798783936496
M2023184,team_52,5.757151008249513
M2023185,team_47,7.497044003016788
M2023185,team_48,6.883802196613367
M2023186,team_47,6.965260096941412
M2023186,team_51,4.288414084040847
M2023187,team_47,5.259970490434522
M2023187,team_52,5.717888910482829
M2023188,team_48,5.587604691670475
M2023188,team_51,4.5548879813726355
M2023189,team_48,6.4209275291952475
M2023189,team_52,5.428156156642806
M2023190,team_51,5.6509464482450085
M2023190,team_52,5.405564862115209
M2024001,team_02,9.399216037226978
M2024001,team_06,3.328168275387104
M2024002,team_02,10.113515399859043
M2024002,team_07,7.173404351622839
M2024003,team_02,11.013682644786838
M2024003,team_09,4.173140547739512
M2024004,team_02,10.029878673126861
M2024004,team_12,3.9267562431201797
M2024005,team_02,9.327130817633263
M2024005,team_13,4.390636003298706
M2024006,team_02,8.10537831654548
M2024006,team_19,6.965685980447606
M2024007,team_02,9.776093069865203
M2024007,team_27,6.218609681265155
M2024008,team_02,10.87370948736276
M2024008,team_28,5.630936353506298
M2024009,team_02,11.608100057686576
M2024009,team_29,6.360966231399425
M2024010,team_02,10.368581148277139
M2024010,team_30,4.349820709482728
M2024011,team_02,11.684760844050418
M2024011,team_33,5.678118358919128
M2024012,team_02,11.396767182713457
M2024012,team_39,4.982809335215045
M2024013,team_02,9.594983016554066
M2024013,team_42,5.1487746997740755
M2024014,team_02,8.945822048194245
M2024014,team_43,7.529036117334686
M2024015,team_02,7.503977672602053
M2024015,team_46,4.134755410444201
M2024016,team_02,10.652447969004545
M2024016,team_47,6.272308498916794
M2024017,team_02,11.05645668616082
M2024017,team_48,5.8813573169846105
M2024018,team_02,9.796029971964604
M2024018,team_51,5.956468197711763
M2024019,team_02,11.473635834075194
M2024019,team_52,5.526600054864202
M2024020,team_06,5.452398965046749
M2024020,team_07,4.680814081988774
M2024021,team_06,4.722358632224755
M2024021,team_09,4.824196416583183
M2024022,team_06,5.965447021331132
M2024022,team_12,4.454178168119951
M2024023,team_06,4.17140336551308
M2024023,team_13,5.127453546103678
M2024024,team_06,4.763879976504458
M2024024,team_19,7.346044373716288
M2024025,team_06,5.754377088838664
M2024025,team_27,5.052973364306554
M2024026,team_06,5.084280169150943
M2024026,team_28,5.564060437593804
M2024027,team_06,4.659740147504094
M2024027,team_29,5.548557910135781
M2024028,team_06,3.7911594389474943
M2024028,team_30,6.743882335504487
M2024029,team_06,5.207263735787556
M2024029,team_33,4.824800932946238
M2024030,team_06,4.000677216029784
M2024030,team_39,5.5164182201013094
M2024031,team_06,3.8340262470351334
M2024031,team_42,5.58999970463709
M2024032,team_06,5.263600545799025
M2024032,team_43,6.865727285992547
M2024033,team_06,4.310688817191945
M2024033,team_46,4.24135667917041
M2024034,team_06,5.125866516552579
M2024034,team_47,4.86337487657431
M2024035,team_06,5.0070957108926
M2024035,team_48,5.195697981052588
M2024036,team_06,5.5255464642254095
M2024036,team_51,6.156825662166114
M2024037,team_06,5.279394025880698
M2024037,team_52,5.569853846410332
M2024038,team_07,5.092414967136085
M2024038,team_09,5.135913855380743
M2024039,team_07,5.6847174041214386
M2024039,team_12,4.850596014348354
M2024040,team_07,6.271763450170178
M2024040,team_13,6.2448340584295865
M2024041,team_07,6.471255298994798
M2024041,team_19,7.3085940914832195
M2024042,team_07,7.054739300868731
M2024042,team_27,5.880587483253405
M2024043,team_07,6.392826603949251
M2024043,team_28,7.641333077970722
M2024044,team_07,6.057317385706652
M2024044,team_29,7.779676149067052
M2024045,team_07,8.41513070740134
M2024045,team_30,5.637647393774072
M2024046,team_07,6.537594714464723
M2024046,team_33,4.807281956602215
M2024047,team_07,5.730299295131931
M2024047,team_39,4.9412894605730004
M2024048,team_07,6.5960964885216855
M2024048,team_42,5.62981781252137
M2024049,team_07,5.779119823589807
M2024049,team_43,7.402163514284613
M2024050,team_07,5.396657814558629
M2024050,team_46,4.079512526063043
M2024051,team_07,6.251850470186755
M2024051,team_47,4.899928519241312
M2024052,team_07,6.370000293580243
M2024052,team_48,4.97875463762546
M2024053,team_07,5.2926869980968405
M2024053,team_51,4.725386593618915
M2024054,team_07,6.665666387122975
M2024054,team_52,4.636164549748618
M2024055,team_09,7.60211365602303
M2024055,team_12,5.567167775482444
M2024056,team_09,5.275370885036998
M2024056,team_13,5.600542828259491
M2024057,team_09,6.608613440005599
M2024057,team_19,5.969905113673132
M2024058,team_09,5.899038219112356
M2024058,team_27,5.339009003072629
M2024059,team_09,6.1602344574941155
M2024059,team_28,6.252154160214825
M2024060,team_09,6.018496486353666
M2024060,team_29,5.871366976659702
M2024061,team_09,6.084790237110212
M2024061,team_30,5.87003216715095
M2024062,team_09,5.848634602959502
M2024062,team_33,5.793009204890812
M2024063,team_09,5.460152237158585
M2024063,team_39,4.915560312587351
M2024064,team_09,7.3563328372851355
M2024064,team_42,6.3985745544574995
M2024065,team_09,4.915578096440789
M2024065,team_43,7.956888862946564
M2024066,team_09,5.345432873975777
M2024066,team_46,4.598767075389959
M2024067,team_09,6.711226715389703
M2024067,team_47,5.2842278873376545
M2024068,team_09,4.901926984984267
M2024068,team_48,6.988372597521512
M2024069,team_09,5.931495824051874
M2024069,team_51,5.559493000831819
M2024070,team_09,7.234442701081015
M2024070,team_52,5.475671239520089
M2024071,team_12,4.9036681587063224
M2024071,team_13,5.443539300693755
M2024072,team_12,5.242723618354903
M2024072,team_19,6.714054656627668
M2024073,team_12,5.250912027004676
M2024073,team_27,5.273264687660992
M2024074,team_12,5.43069357583974
M2024074,team_28,5.62209726723267
M2024075,team_12,4.779528895834509
M2024075,team_29,6.452855575556062
M2024076,team_12,5.200314324971345
M2024076,team_30,6.653173013171311
M2024077,team_12,5.224580551904468
M2024077,team_33,5.163623771256542
M2024078,team_12,6.146931219699983
M2024078,team_39,5.633671847292346
M2024079,team_12,5.012215703395256
M2024079,team_42,4.500648516030284
M2024080,team_12,4.4145284498800486
M2024080,team_43,7.8891079193357205
M2024081,team_12,6.824167161929129
M2024081,team_46,4.765416765705682
M2024082,team_12,6.466628948388137
M2024082,team_47,5.504623924466987
M2024083,team_12,6.198908727715347
M2024083,team_48,5.6252696709826004
M2024084,team_12,5.2712200870429236
M2024084,team_51,5.205474878494528
M2024085,team_12,6.077432667128641
M2024085,team_52,5.203886153924285
M2024086,team_13,5.365906852393233
M2024086,team_19,5.440370330332116
M2024087,team_13,5.459764940306992
M2024087,team_27,5.935629295851894
M2024088,team_13,5.985023139980292
M2024088,team_28,6.224643933133319
M2024089,team_13,5.116350369620855
M2024089,team_29,7.537464355628711
M2024090,team_13,7.912424640541176
M2024090,team_30,6.093455337727455
M2024091,team_13,5.205657508415747
M2024091,team_33,6.299380539090675
M2024092,team_13,7.298142251991479
M2024092,team_39,5.402844466815396
M2024093,team_13,5.569529055531066
M2024093,team_42,5.408733967738282
M2024094,team_13,5.007726654970114
M2024094,team_43,5.992585390755091
M2024095,team_13,5.443989911691459
M2024095,team_46,3.879681525439505
M2024096,team_13,5.955926369601995
M2024096,team_47,6.279534675620689
M2024097,team_13,8.245683349728834
M2024097,team_48,5.6897352958736676
M2024098,team_13,6.007109610335917
M2024098,team_51,5.004634535831393
M2024099,team_13,6.350125283272118
M2024099,team_52,5.281478801332487
M2024100,team_19,7.898054808733932
M2024100,team_27,6.866781838503371
M2024101,team_19,8.443977015602293
M2024101,team_28,4.931775932388356
M2024102,team_19,7.38018519769232
M2024102,team_29,7.022405587241509
M2024103,team_19,6.897795794775047
M2024103,team_30,5.4232171495066535
M2024104,team_19,6.666739713980502
M2024104,team_33,5.168345362008787
M2024105,team_19,7.835410242560139
M2024105,team_39,5.553969319013559
M2024106,team_19,6.778924653861607
M2024106,team_42,5.986543906628762
M2024107,team_19,7.509744338528713
M2024107,team_43,6.062343835542272
M2024108,team_19,5.993945393042434
M2024108,team_46,3.387638183907514
M2024109,team_19,8.219292625691535
M2024109,team_47,4.8204839405808695
M2024110,team_19,6.699977598635777
M2024110,team_48,7.49225555082789
M2024111,team_19,7.129666324691383
M2024111,team_51,4.344892414499226
M2024112,team_19,6.675028541407105
M2024112,team_52,5.263962086941023
M2024113,team_27,5.971069361406837
M2024113,team_28,5.4491934347311295
M2024114,team_27,9.083627396293041
M2024114,team_29,6.947426795239047
M2024115,team_27,7.427902879329429
M2024115,team_30,5.722457840589394
M2024116,team_27,5.285582924988855
M2024116,team_33,5.695677453138667
M2024117,team_27,5.840416900635029
M2024117,team_39,5.108575658489484
M2024118,team_27,6.3474200291180365
M2024118,team_42,6.71605523477231
M2024119,team_27,6.546423435309986
M2024119,team_43,9.424663763043217
M2024120,team_27,6.315802500190274
M2024120,team_46,4.8662827364730274
M2024121,team_27,6.490951079036523
M2024121,team_47,7.151923341813482
M2024122,team_27,5.319410550638252
M2024122,team_48,6.714852557198743
M2024123,team_27,5.694807009537685
M2024123,team_51,5.84909810284548
M2024124,team_27,5.267233301841103
M2024124,team_52,5.154586296342448
M2024125,team_28,7.613882763499014
M2024125,team_29,7.249333947970253
M2024126,team_28,6.076302712933838
M2024126,team_30,6.856151618401197
M2024127,team_28,8.193227109865173
M2024127,team_33,4.472893163046216
M2024128,team_28,7.950837949574183
M2024128,team_39,4.95717368863533
M2024129,team_28,6.329889428665195
M2024129,team_42,7.1928505294630165
M2024130,team_28,6.034161358095155
M2024130,team_43,8.746874253098012
M2024131,team_28,9.031524297698853
M2024131,team_46,4.188383958769225
M2024132,team_28,6.71934196681848
M2024132,team_47,4.173208641078043
M2024133,team_28,8.846644620417791
M2024133,team_48,7.1183719044647775
M2024134,team_28,7.929835404862178
M2024134,team_51,3.976728259403885
M2024135,team_28,5.522503631995402
M2024135,team_52,3.907105700988541
M2024136,team_29,6.781358545127633
M2024136,team_30,4.888874744688398
M2024137,team_29,7.442995154480985
M2024137,team_33,4.793204873538608
M2024138,team_29,7.045776139674539
M2024138,team_39,3.831801603106809
M2024139,team_29,7.657732917825391
M2024139,team_42,6.089352859600362
M2024140,team_29,7.503932814572846
M2024140,team_43,7.206460563612172
M2024141,team_29,7.415534243158932
M2024141,team_46,4.9458123994916345
M2024142,team_29,6.097409337483456
M2024142,team_47,6.248050151972505
M2024143,team_29,8.333644930479922
M2024143,team_48,5.940912811436019
M2024144,team_29,6.844456673558685
M2024144,team_51,6.273403981025509
M2024145,team_29,7.314728851223878
M2024145,team_52,4.9558129768399235
M2024146,team_30,6.659352333677758
M2024146,team_33,5.17597708014673
M2024147,team_30,5.494896700400706
M2024147,team_39,4.72074874608921
M2024148,team_30,7.588113124331254
M2024148,team_42,6.902712187772411
M2024149,team_30,5.091653628540838
M2024149,team_43,7.214187564514511
M2024150,team_30,7.067831756817663
M2024150,team_46,5.038614673574391
M2024151,team_30,5.797371243656369
M2024151,team_47,6.267455096735776
M2024152,team_30,6.185655988353883
M2024152,team_48,5.250790827841764
M2024153,team_30,5.548780515295771
M2024153,team_51,5.038210982543686
M2024154,team_30,7.763985185616124
M2024154,team_52,4.982143899084617
M2024155,team_33,6.056954665022987
M2024155,team_39,5.066928875401996
M2024156,team_33,5.579798143992032
M2024156,team_42,5.5729398142710025
M2024157,team_33,6.94875907840649
M2024157,team_43,6.6696794684304095
M2024158,team_33,6.596437744004387
M2024158,team_46,3.972258201505212
M2024159,team_33,6.268016841818186
M2024159,team_47,6.269647481498959
M2024160,team_33,6.66525679962521
M2024160,team_48,6.906894564603661
M2024161,team_33,6.245938670456413
M2024161,team_51,3.9072550837596505
M2024162,team_33,4.919306201794276
M2024162,team_52,4.593073574937096
M2024163,team_39,5.181031945849241
M2024163,team_42,7.018764932963041
M2024164,team_39,6.217787860711553
M2024164,team_43,9.486406935013147
M2024165,team_39,5.178343144430019
M2024165,team_46,3.7169614435108698
M2024166,team_39,4.996956944764454
M2024166,team_47,6.208380852322675
M2024167,team_39,7.322948008784388
M2024167,team_48,6.563050705902226
M2024168,team_39,6.3305089457523565
M2024168,team_51,5.274247320712649
M2024169,team_39,6.930428745295534
M2024169,team_52,5.154281097402967
M2024170,team_42,6.6545427419407
M2024170,team_43,7.213737178570416
M2024171,team_42,6.295987100692752
M2024171,team_46,5.352627664601448
M2024172,team_42,7.317843084563027
M2024172,team_47,4.4112378298531505
M2024173,team_42,6.8280060402338965
M2024173,team_48,6.847857734476982
M2024174,team_42,5.568011057312264
M2024174,team_51,4.529077857552083
M2024175,team_42,7.26673114878238
M2024175,team_52,5.0044148952483205
M2024176,team_43,9.092434320680688
M2024176,team_46,4.470516474374514
M2024177,team_43,8.713478663376167
M2024177,team_47,5.4166406960291775
M2024178,team_43,11.013211514033872
M2024178,team_48,5.923920559719644
M2024179,team_43,8.05699865264844
M2024179,team_51,5.652429719634739
M2024180,team_43,7.020968802387728
M2024180,team_52,5.623897370264177
M2024181,team_46,4.181258600631747
M2024181,team_47,6.593959455131086
M2024182,team_46,4.804608395634212
M2024182,team_48,5.722051030287002
M2024183,team_46,4.875025705638028
M2024183,team_51,4.96470812365142
M2024184,team_46,4.698814348845459
M2024184,team_52,4.774432068586366
M2024185,team_47,6.224923624688424
M2024185,team_48,5.488001655177881
M2024186,team_47,7.815647975430456
M2024186,team_51,4.81674649718162
M2024187,team_47,6.408882422529971
M2024187,team_52,5.3353816797257565
M2024188,team_48,6.759165733353247
M2024188,team_51,4.076050758306616
M2024189,team_48,7.787939732644351
M2024189,team_52,5.061440599124395
M2024190,team_51,6.020163843628448
M2024190,team_52,5.279603473894386
M2025001,team_02,8.76817384285809
M2025001,team_06,4.127492646737627
M2025002,team_02,9.227669250475415
M2025002,team_07,6.203379025958199
M2025003,team_02,11.95285389925046
M2025003,team_09,4.51807127309699
M2025004,team_02,8.309122030984408
M2025004,team_10,5.608154855784619
M2025005,team_02,9.103004901115327
M2025005,team_12,4.118494476303961
M2025006,team_02,9.707001211270066
M2025006,team_13,4.85990066989767
M2025007,team_02,9.137784496548479
M2025007,team_14,5.149600801813909
M2025008,team_02,9.081530260177582
M2025008,team_19,6.993531125005272
M2025009,team_02,9.15215569734275
M2025009,team_27,6.1726071697457
M2025010,team_02,8.966181594228797
M2025010,team_29,6.2903309920646135
M2025011,team_02,9.248778228411842
M2025011,team_30,5.866828063859666
M2025012,team_02,10.537879329471394
M2025012,team_33,4.8546953599749125
M2025013,team_02,8.598787190991457
M2025013,team_36,5.86700294651047
M2025014,team_02,10.298801859551434
M2025014,team_42,6.427018525770462
M2025015,team_02,10.635561841290068
M2025015,team_43,6.292610149160717
M2025016,team_02,10.97658055720854
M2025016,team_46,4.674185312304252
M2025017,team_02,7.257682908424538
M2025017,team_47,5.591373698538175
M2025018,team_02,8.06550726388691
M2025018,team_48,6.176492597486107
M2025019,team_02,11.791022281960949
M2025019,team_51,5.294526539731292
M2025020,team_06,4.228178118754658
M2025020,team_07,5.3090727284919845
M2025021,team_06,4.388392511026742
M2025021,team_09,5.038814225756751
M2025022,team_06,4.154417965773039
M2025022,team_10,6.259418002398108
M2025023,team_06,4.352543960453147
M2025023,team_12,4.518794388160335
M2025024,team_06,4.622539705869024
M2025024,team_13,5.539737717954554
M2025025,team_06,4.423717758614792
M2025025,team_14,5.483560753079788
M2025026,team_06,4.336628249970308
M2025026,team_19,6.389048802366692
M2025027,team_06,5.453167026017296
M2025027,team_27,4.899351049728044
M2025028,team_06,4.4801761154566035
M2025028,team_29,7.4284279764550565
M2025029,team_06,4.6543039170412825
M2025029,team_30,4.996750429313902
M2025030,team_06,6.1880039164989045
M2025030,team_33,4.127630447993843
M2025031,team_06,5.303597797044838
M2025031,team_36,5.3386217836708365
M2025032,team_06,4.019452641119215
M2025032,team_42,5.173655456743431
M2025033,team_06,5.326365701731445
M2025033,team_43,7.554361468273154
M2025034,team_06,4.898570197177156
M2025034,team_46,4.09152093935099
M2025035,team_06,4.466174277926719
M2025035,team_47,6.2753374390553285
M2025036,team_06,5.156616644153029
M2025036,team_48,6.819987515362877
M2025037,team_06,4.217357912640799
M2025037,team_51,5.256473126485071
M2025038,team_07,6.0963427295967
M2025038,team_09,6.5449254021461725
M2025039,team_07,4.591903576037023
M2025039,team_10,5.8720869284674535
M2025040,team_07,5.511179572799496
M2025040,team_12,3.857019479225267
M2025041,team_07,6.469136136343894
M2025041,team_13,3.961183363419434
M2025042,team_07,5.438735424424624
M2025042,team_14,4.784356215636874
M2025043,team_07,5.35047736857636
M2025043,team_19,6.848748124815086
M2025044,team_07,4.660573445554218
M2025044,team_27,6.037073412564959
M2025045,team_07,5.210545208718527
M2025045,team_29,6.672519734442037
M2025046,team_07,5.4471023284648465
M2025046,team_30,5.63078155574178
M2025047,team_07,5.238130131002752
M2025047,team_33,5.14076053412592
M2025048,team_07,6.3444242448276755
M2025048,team_36,6.724692173287061
M2025049,team_07,5.33809439957066
M2025049,team_42,5.583039774963631
M2025050,team_07,5.477080763630638
M2025050,team_43,6.090998710536481
M2025051,team_07,6.660331716504204
M2025051,team_46,3.4780669621825138
M2025052,team_07,6.106495462554371
M2025052,team_47,4.2976065059186155
M2025053,team_07,4.8893160231565265
M2025053,team_48,7.602828222562254
M2025054,team_07,5.957350720458468
M2025054,team_51,5.163257195211299
M2025055,team_09,5.397181090198837
M2025055,team_10,5.244837008991253
M2025056,team_09,5.808343534421385
M2025056,team_12,4.192952864455229
M2025057,team_09,6.6264508172788705
M2025057,team_13,4.195139389901011
M2025058,team_09,6.975233443330174
M2025058,team_14,4.891412048390155
M2025059,team_09,6.353030699929133
M2025059,team_19,5.2430299511443685
M2025060,team_09,4.537983564605411
M2025060,team_27,4.261115756957124
M2025061,team_09,5.833866499987147
M2025061,team_29,6.542344829648911
M2025062,team_09,6.479522828834139
M2025062,team_30,5.918665202575702
M2025063,team_09,5.26796655538467
M2025063,team_33,4.322696714296773
M2025064,team_09,5.635809830406085
M2025064,team_36,5.131983437169059
M2025065,team_09,5.405413442513858
M2025065,team_42,4.836124776150806
M2025066,team_09,6.5897370655811
M2025066,team_43,9.028942023546119
M2025067,team_09,6.048425034752572
M2025067,team_46,4.329467229052221
M2025068,team_09,7.34614200903282
M2025068,team_47,7.577692253473274
M2025069,team_09,5.8682543856855816
M2025069,team_48,5.967347825556797
M2025070,team_09,6.469922648648571
M2025070,team_51,4.477774185634022
M2025071,team_10,5.810111035808229
M2025071,team_12,3.830155882377685
M2025072,team_10,7.103020531583433
M2025072,team_13,6.041202384110294
M2025073,team_10,7.784515950793847
M2025073,team_14,5.329187862072236
M2025074,team_10,7.427530594127519
M2025074,team_19,7.153490337960012
M2025075,team_10,6.568080873683665
M2025075,team_27,6.9726627422471426
M2025076,team_10,5.6926245825377295
M2025076,team_29,7.993347527925818
M2025077,team_10,9.390666028707953
M2025077,team_30,6.355720819710815
M2025078,team_10,7.116699899822584
M2025078,team_33,5.619752092433106
M2025079,team_10,7.382066217701818
M2025079,team_36,4.520275000089062
M2025080,team_10,6.27194548393935
M2025080,team_42,5.258006453807677
M2025081,team_10,7.398015727832197
M2025081,team_43,6.956063255496382
M2025082,team_10,6.864635042941837
M2025082,team_46,3.53802672879866
M2025083,team_10,6.284080166723509
M2025083,team_47,4.261316534096283
M2025084,team_10,7.876581661625767
M2025084,team_48,6.587695447194116
M2025085,team_10,7.923253187760295
M2025085,team_51,6.20110277642204
M2025086,team_12,6.543282648085327
M2025086,team_13,3.899722042840975
M2025087,team_12,6.119574990227757
M2025087,team_14,4.267595759099228
M2025088,team_12,5.285512417807705
M2025088,team_19,5.2935427523341
M2025089,team_12,5.470197166257844
M2025089,team_27,4.8870569664452015
M2025090,team_12,4.992018959745643
M2025090,team_29,8.494778525907048
M2025091,team_12,4.676419633611923
M2025091,team_30,6.594588982248077
M2025092,team_12,4.90295770213687
M2025092,team_33,4.717972745009409
M2025093,team_12,5.6972216184708815
M2025093,team_36,6.723646857839334
M2025094,team_12,5.08293217316651
M2025094,team_42,7.103667826664081
M2025095,team_12,5.858423430193729
M2025095,team_43,7.463876015139195
M2025096,team_12,5.228864524466566
M2025096,team_46,4.208697915788013
M2025097,team_12,4.949436744388805
M2025097,team_47,6.60053964884885
M2025098,team_12,5.189859231379498
M2025098,team_48,5.065121773577783
M2025099,team_12,4.725412297732663
M2025099,team_51,4.338269044652807
M2025100,team_13,7.843899677547377
M2025100,team_14,4.843400935294258
M2025101,team_13,5.6221547314420475
M2025101,team_19,6.791718857021718
M2025102,team_13,5.822448601308967
M2025102,team_27,6.360284567529406
M2025103,team_13,6.489308809061436
M2025103,team_29,6.306515109509121
M2025104,team_13,6.157616327648614
M2025104,team_30,5.523310613794935
M2025105,team_13,8.21009476729103
M2025105,team_33,4.01885302034333
M2025106,team_13,6.647720938563664
M2025106,team_36,5.409616665356471
M2025107,team_13,5.229784428686205
M2025107,team_42,6.2867184386179185
M2025108,team_13,6.407713272155493
M2025108,team_43,7.304092008325669
M2025109,team_13,7.67000752907306
M2025109,team_46,3.9338600744638104
M2025110,team_13,7.893606053741118
M2025110,team_47,7.03003880527948
M2025111,team_13,6.444686740658595
M2025111,team_48,5.477570349927489
M2025112,team_13,5.010212633423555
M2025112,team_51,4.679341197255089
M2025113,team_14,4.622937292813912
M2025113,team_19,5.5388425409225475
M2025114,team_14,5.979966481709753
M2025114,team_27,5.766115004232081
M2025115,team_14,6.817499764974203
M2025115,team_29,6.268286771134507
M2025116,team_14,6.059916942054602
M2025116,team_30,5.933578180277789
M2025117,team_14,5.039472143641534
M2025117,team_33,4.655549778686228
M2025118,team_14,7.898332030365446
M2025118,team_36,6.386428962789769
M2025119,team_14,6.048871748929159
M2025119,team_42,4.189193119857599
M2025120,team_14,4.503169075958046
M2025120,team_43,8.845500647614447
M2025121,team_14,4.871359104074359
M2025121,team_46,4.110621618549285
M2025122,team_14,6.8343594656515
M2025122,team_47,4.685242366558842
M2025123,team_14,5.112331643466065
M2025123,team_48,6.497507823273142
M2025124,team_14,4.746021134701632
M2025124,team_51,6.5719698432925915
M2025125,team_19,8.581666296027844
M2025125,team_27,5.847864992122549
M2025126,team_19,7.519989724199401
M2025126,team_29,6.369743343573022
M2025127,team_19,8.021059687891968
M2025127,team_30,5.694019778140785
M2025128,team_19,6.10080770764639
M2025128,team_33,5.550649323077844
M2025129,team_19,6.368851238020192
M2025129,team_36,6.30128903507284
M2025130,team_19,7.414636896195686
M2025130,team_42,7.9707215210093825
M2025131,team_19,5.774000712308212
M2025131,team_43,7.23905802989545
M2025132,team_19,8.304222426146493
M2025132,team_46,3.9654532264813747
M2025133,team_19,6.857756326390216
M2025133,team_47,5.479695544075483
M2025134,team_19,5.662205614720779
M2025134,team_48,7.317381198944685
M2025135,team_19,8.009047002413466
M2025135,team_51,4.361488397824156
M2025136,team_27,6.787292436527245
M2025136,team_29,7.800804135578788
M2025137,team_27,6.910493537328698
M2025137,team_30,5.16578903724507
M2025138,team_27,5.678751797779775
M2025138,team_33,3.7794839130033187
M2025139,team_27,6.413925899818685
M2025139,team_36,6.287990543464208
M2025140,team_27,6.374151924348819
M2025140,team_42,5.553319396392781
M2025141,team_27,5.84118488513059
M2025141,team_43,6.343174537260877
M2025142,team_27,5.584755186267986
M2025142,team_46,3.3886647727641273
M2025143,team_27,6.644171417189244
M2025143,team_47,4.59917646491505
M2025144,team_27,6.417113312187634
M2025144,team_48,5.781215489887702
M2025145,team_27,6.131141395313126
M2025145,team_51,5.068981239063524
M2025146,team_29,6.093039741468543
M2025146,team_30,5.085362395449108
M2025147,team_29,5.800804321764555
M2025147,team_33,4.627931009551462
M2025148,team_29,6.224137434676898
M2025148,team_36,6.165593008338764
M2025149,team_29,7.808418249190958
M2025149,team_42,6.22576684219241
M2025150,team_29,9.308624741569854
M2025150,team_43,7.2983606153100355
M2025151,team_29,6.346349866649562
M2025151,team_46,4.728856945665852
M2025152,team_29,6.640190350950634
M2025152,team_47,5.632162515900531
M2025153,team_29,8.98133068890493
M2025153,team_48,5.284827340079651
M2025154,team_29,7.180687861499411
M2025154,team_51,4.132942441619825
M2025155,team_30,5.511297171612548
M2025155,team_33,6.482967220513156
M2025156,team_30,7.890068722365282
M2025156,team_36,5.058453157728446
M2025157,team_30,6.114409774586715
M2025157,team_42,5.300619295711474
M2025158,team_30,7.868385555540261
M2025158,team_43,7.009394156442824
M2025159,team_30,7.78051438448103
M2025159,team_46,5.192081908139077
M2025160,team_30,5.116101248138451
M2025160,team_47,5.635053989714748
M2025161,team_30,4.788797514634869
M2025161,team_48,5.466677507362352
M2025162,team_30,7.395950980813102
M2025162,team_51,5.427292071628075
M2025163,team_33,6.597855988093644
M2025163,team_36,4.622831163850399
M2025164,team_33,5.93739695727018
M2025164,team_42,6.099052473065497
M2025165,team_33,6.161514790986971
M2025165,team_43,6.3451253848362485
M2025166,team_33,6.033996906553923
M2025166,team_46,3.137774745144106
M2025167,team_33,5.106150990890989
M2025167,team_47,5.7212769994649815
M2025168,team_33,6.23636074276256
M2025168,team_48,5.8256608899199005
M2025169,team_33,4.655879854330729
M2025169,team_51,5.812383268827361
M2025170,team_36,5.35426303883812
M2025170,team_42,5.445401733307786
M2025171,team_36,6.456192451930475
M2025171,team_43,6.949910703951791
M2025172,team_36,5.603104936275919
M2025172,team_46,4.7119898483782325
M2025173,team_36,5.773417114265149
M2025173,team_47,4.633880328746413
M2025174,team_36,6.722567076655555
M2025174,team_48,6.452480096285351
M2025175,team_36,6.2598925105722865
M2025175,team_51,5.397106976574839
M2025176,team_42,5.618409720612863
M2025176,team_43,7.35648105832147
M2025177,team_42,7.210438774780083
M2025177,team_46,3.971022722877529
M2025178,team_42,7.1735844744548665
M2025178,team_47,5.1705931540512315
M2025179,team_42,7.7479241230141485
M2025179,team_48,8.224916840106818
M2025180,team_42,7.715656893152095
M2025180,team_51,5.176865113811664
M2025181,team_43,10.571450563974873
M2025181,team_46,3.7286972381159593
M2025182,team_43,6.714290318222545
M2025182,team_47,5.924844839966417
M2025183,team_43,9.373261645172047
M2025183,team_48,5.647284718181472
M2025184,team_43,7.975493116525786
M2025184,team_51,6.057095852670623
M2025185,team_46,4.995598493277927
M2025185,team_47,7.1824568277371235
M2025186,team_46,4.163026016141352
M2025186,team_48,6.807719347283337
M2025187,team_46,4.733089884532585
M2025187,team_51,5.339324284530219
M2025188,team_47,5.856767764985954
M2025188,team_48,7.336328521364067
M2025189,team_47,8.708990510733924
M2025189,team_51,5.428192626372358
M2025190,team_48,6.088880148287126
M2025190,team_51,6.438698285390646
M2026001,team_02,12.819303691748555
M2026001,team_06,3.68876059645148
M2026002,team_02,9.400937967194864
M2026002,team_07,5.203789915943472
M2026003,team_02,10.544063746147762
M2026003,team_10,7.069741877409807
M2026004,team_02,8.860684303617825
M2026004,team_12,4.129107081034035
M2026005,team_02,11.218462407060033
M2026005,team_13,5.338802375404337
M2026006,team_02,10.768946873336533
M2026006,team_14,4.686653482852108
M2026007,team_02,13.04969990714279
M2026007,team_19,8.396621655140535
M2026008,team_02,9.467841870105655
M2026008,team_27,6.902765529273024
M2026009,team_02,9.510745660730844
M2026009,team_30,6.092247691979438
M2026010,team_02,8.608471121582564
M2026010,team_33,6.232130043346682
M2026011,team_02,9.783900870109855
M2026011,team_34,6.0073417294636045
M2026012,team_02,9.752856456096895
M2026012,team_36,5.2970707010651985
M2026013,team_02,11.076702131975438
M2026013,team_37,4.59720064308417
M2026014,team_02,9.354107913612212
M2026014,team_39,4.527921363897952
M2026015,team_02,10.878010972575918
M2026015,team_42,5.96726473259853
M2026016,team_02,8.240625245384972
M2026016,team_43,7.924386421769482
M2026017,team_02,8.8191632915186
M2026017,team_46,4.846965622911245
M2026018,team_02,9.513988564673678
M2026018,team_47,6.241025384142042
M2026019,team_02,7.90884085141967
M2026019,team_48,6.387389699544512
M2026020,team_06,4.838651602694174
M2026020,team_07,5.901919460263592
M2026021,team_06,4.422798767469856
M2026021,team_10,7.5081908095740735
M2026022,team_06,4.517789112641287
M2026022,team_12,4.1442372200027044
M2026023,team_06,4.549820853225923
M2026023,team_13,6.4071683824266765
M2026024,team_06,4.412596054072247
M2026024,team_14,5.284734639314687
M2026025,team_06,4.163143706799957
M2026025,team_19,5.855439714103155
M2026026,team_06,5.2599849847957545
M2026026,team_27,5.028611728771952
M2026027,team_06,4.854019841526133
M2026027,team_30,5.174493264689522
M2026028,team_06,4.070918247095167
M2026028,team_33,5.032624856514304
M2026029,team_06,4.061669692678332
M2026029,team_34,6.354529232457235
M2026030,team_06,4.682006285047491
M2026030,team_36,4.470617116345478
M2026031,team_06,5.256231143626301
M2026031,team_37,3.7730695213108816
M2026032,team_06,4.189025277049071
M2026032,team_39,4.64505158125373
M2026033,team_06,4.551582950482751
M2026033,team_42,6.481939881536456
M2026034,team_06,4.995367249687871
M2026034,team_43,7.219830516634733
M2026035,team_06,5.6129922265977115
M2026035,team_46,5.510561848043956
M2026036,team_06,5.713421168304834
M2026036,team_47,5.535884973430923
M2026037,team_06,5.367604425423452
M2026037,team_48,6.13709318536083
M2026038,team_07,6.989928678155169
M2026038,team_10,5.93953850491683
M2026039,team_07,5.172417252145887
M2026039,team_12,4.136837612940496
M2026040,team_07,5.483316310739691
M2026040,team_13,6.100290143672457
M2026041,team_07,5.823471996373106
M2026041,team_14,4.095626960367252
M2026042,team_07,5.6021078672318625
M2026042,team_19,7.405942478028433
M2026043,team_07,4.450421793884805
M2026043,team_27,6.971733853809302
M2026044,team_07,5.600659788958661
M2026044,team_30,5.5679871230696465
M2026045,team_07,7.173019846188117
M2026045,team_33,4.475015239152422
M2026046,team_07,5.820415394023886
M2026046,team_34,6.123751789749285
M2026047,team_07,6.985155996787652
M2026047,team_36,4.706672508489226
M2026048,team_07,6.38342240934692
M2026048,team_37,4.538657440771987
M2026049,team_07,6.959778849857286
M2026049,team_39,5.667573131873258
M2026050,team_07,7.428760577356736
M2026050,team_42,5.68304502124413
M2026051,team_07,5.158921269532226
M2026051,team_43,7.918800499914436
M2026052,team_07,4.571804161661636
M2026052,team_46,3.6153123042276705
M2026053,team_07,6.755603368227314
M2026053,team_47,6.584741556430802
M2026054,team_07,7.702459751077605
M2026054,team_48,5.215298545563954
M2026055,team_10,7.643751387474136
M2026055,team_12,5.195573830284127
M2026056,team_10,7.854017327127342
M2026056,team_13,5.308224022002005
M2026057,team_10,7.289603310302638
M2026057,team_14,4.344475691117106
M2026058,team_10,7.244229773288544
M2026058,team_19,6.597065950838968
M2026059,team_10,6.199961263373492
M2026059,team_27,5.33180108512193
M2026060,team_10,6.8473893916238175
M2026060,team_30,4.429705877734687
M2026061,team_10,8.523270054924179
M2026061,team_33,4.523267722353
M2026062,team_10,5.413503251702186
M2026062,team_34,6.829440754718496
M2026063,team_10,7.882342869954603
M2026063,team_36,5.2815581592783705
M2026064,team_10,8.768281485785229
M2026064,team_37,5.015764570760114
M2026065,team_10,8.512942873789143
M2026065,team_39,4.580921093042042
M2026066,team_10,7.793429827426849
M2026066,team_42,6.700107179837732
M2026067,team_10,6.927584373421542
M2026067,team_43,7.8961289643687715
M2026068,team_10,5.453167152212545
M2026068,team_46,4.008181515750895
M2026069,team_10,5.874182357644877
M2026069,team_47,5.025817166358035
M2026070,team_10,8.412913961640687
M2026070,team_48,6.500046479823739
M2026071,team_12,4.519053747595907
M2026071,team_13,6.166441498907459
M2026072,team_12,4.783905293676698
M2026072,team_14,5.802793911073309
M2026073,team_12,5.04793829873652
M2026073,team_19,6.026985945970395
M2026074,team_12,4.491615896937189
M2026074,team_27,7.670481861353615
M2026075,team_12,5.853523143452991
M2026075,team_30,6.257334759435191
M2026076,team_12,6.834456043135058
M2026076,team_33,5.6012238572000825
M2026077,team_12,6.345630376370936
M2026077,team_34,8.808523166333096
M2026078,team_12,5.031799273613202
M2026078,team_36,5.397155992159117
M2026079,team_12,5.922314708017426
M2026079,team_37,5.376232694580549
M2026080,team_12,6.157531024244152
M2026080,team_39,6.804240015464511
M2026081,team_12,5.621744579588199
M2026081,team_42,6.557194276311777
M2026082,team_12,5.774136713686024
M2026082,team_43,9.554570115500663
M2026083,team_12,5.740303759815457
M2026083,team_46,3.6445252405353425
M2026084,team_12,5.269235648359233
M2026084,team_47,6.316767356159724
M2026085,team_12,5.279964369745234
M2026085,team_48,5.043775440467166
M2026086,team_13,5.13430321350762
M2026086,team_14,5.857082059661588
M2026087,team_13,5.094722670374724
M2026087,team_19,7.018024555437245
M2026088,team_13,5.475768529744543
M2026088,team_27,4.537815378935853
M2026089,team_13,5.600605279358884
M2026089,team_30,5.758128946635633
M2026090,team_13,6.690359669504615
M2026090,team_33,5.20124441443836
M2026091,team_13,6.1748662108928905
M2026091,team_34,5.6928995872575765
M2026092,team_13,6.593276164314601
M2026092,team_36,5.191049270913237
M2026093,team_13,5.048406780160658
M2026093,team_37,4.215590882561381
M2026094,team_13,6.536186286725167
M2026094,team_39,7.181639432968054
M2026095,team_13,4.984524198428873
M2026095,team_42,5.005885118413154
M2026096,team_13,6.851205712735496
M2026096,team_43,7.116820053904395
M2026097,team_13,7.486610110868259
M2026097,team_46,3.844573451527717
M2026098,team_13,6.939437934493313
M2026098,team_47,6.371652062839432
M2026099,team_13,6.059955280151722
M2026099,team_48,7.529160373669517
M2026100,team_14,6.319099356040057
M2026100,team_19,6.816687226872053
M2026101,team_14,5.289195711073644
M2026101,team_27,5.969077730256013
M2026102,team_14,6.179267082523374
M2026102,team_30,5.216362247970396
M2026103,team_14,6.189335064374089
M2026103,team_33,5.698136176372673
M2026104,team_14,4.969090404168929
M2026104,team_34,6.861714519976664
M2026105,team_14,5.605959520406912
M2026105,team_36,7.132668297113186
M2026106,team_14,5.525304678711036
M2026106,team_37,3.8542810573686603
M2026107,team_14,5.001885940268847
M2026107,team_39,4.823398281272343
M2026108,team_14,5.675573123498546
M2026108,team_42,5.912115961811751
M2026109,team_14,6.219502104579876
M2026109,team_43,7.898089929743476
M2026110,team_14,5.379484856630481
M2026110,team_46,4.436101030450237
M2026111,team_14,6.877093339035087
M2026111,team_47,5.058091247025266
M2026112,team_14,5.587501230652547
M2026112,team_48,6.23161512392816
M2026113,team_19,5.791141166184053
M2026113,team_27,4.951512652855813
M2026114,team_19,6.198428088150249
M2026114,team_30,6.706281781269361
M2026115,team_19,7.209084052262489
M2026115,team_33,5.004275020466872
M2026116,team_19,8.58307088094965
M2026116,team_34,6.765750377565894
M2026117,team_19,5.9862371175550075
M2026117,team_36,7.765485698037845
M2026118,team_19,8.644056314833025
M2026118,team_37,4.266517942555711
M2026119,team_19,7.192142908891353
M2026119,team_39,4.972492813216599
M2026120,team_19,6.612456356084876
M2026120,team_42,5.017053849826273
M2026121,team_19,7.256712786091058
M2026121,team_43,10.576311700970543
M2026122,team_19,9.542957883124398
M2026122,team_46,4.240176402807642
M2026123,team_19,6.205893751470131
M2026123,team_47,7.8856437057568955
M2026124,team_19,6.842430115961173
M2026124,team_48,4.786144556362268
M2026125,team_27,7.608826961150452
M2026125,team_30,6.2899273240633455
M2026126,team_27,5.907031565627377
M2026126,team_33,4.1351717752453245
M2026127,team_27,6.6767666595886785
M2026127,team_34,5.2688035563141575
M2026128,team_27,7.201536163605617
M2026128,team_36,6.908692754786181
M2026129,team_27,5.310930155797309
M2026129,team_37,4.357870528774731
M2026130,team_27,5.877327682935235
M2026130,team_39,4.717882346921733
M2026131,team_27,5.530808701349826
M2026131,team_42,4.986762266638716
M2026132,team_27,5.912745516279696
M2026132,team_43,9.191115885955362
M2026133,team_27,6.7782277557457595
M2026133,team_46,4.637469852459612
M2026134,team_27,7.781478172963426
M2026134,team_47,4.61508152614618
M2026135,team_27,6.649495077460752
M2026135,team_48,7.474643129475586
M2026136,team_30,6.728384074145932
M2026136,team_33,4.238589319591406
M2026137,team_30,7.2489897309737445
M2026137,team_34,4.548648505579459
M2026138,team_30,6.926281500989766
M2026138,team_36,4.837905345836005
M2026139,team_30,8.205461179181157
M2026139,team_37,4.776049644957072
M2026140,team_30,4.662518426786923
M2026140,team_39,5.49070333682391
M2026141,team_30,6.112035356310632
M2026141,team_42,4.917786947365471
M2026142,team_30,7.429203417285957
M2026142,team_43,6.666446579236577
M2026143,team_30,5.524840782093949
M2026143,team_46,3.955921267247941
M2026144,team_30,7.3652324158012945
M2026144,team_47,8.061771606056896
M2026145,team_30,4.7131061088876836
M2026145,team_48,5.165498433475829
M2026146,team_33,6.424395080069217
M2026146,team_34,6.238688689055247
M2026147,team_33,7.746013642058677
M2026147,team_36,4.70493124222961
M2026148,team_33,5.403091931386953
M2026148,team_37,4.666630070876187
M2026149,team_33,6.021906533234195
M2026149,team_39,6.269920542261258
M2026150,team_33,7.0925358689811935
M2026150,team_42,5.251945238393276
M2026151,team_33,6.103164950909732
M2026151,team_43,8.299303119576095
M2026152,team_33,5.936500702863141
M2026152,team_46,4.936365398968057
M2026153,team_33,4.936025895721534
M2026153,team_47,5.350439829519801
M2026154,team_33,5.47489203642138
M2026154,team_48,5.546599902036935
M2026155,team_34,9.153885509456973
M2026155,team_36,5.381826773323646
M2026156,team_34,7.0332949057305205
M2026156,team_37,4.927483076411165
M2026157,team_34,9.221079291621413
M2026157,team_39,5.319418057827173
M2026158,team_34,6.742002869450287
M2026158,team_42,5.205733660323492
M2026159,team_34,9.085875152786247
M2026159,team_43,9.342552948393921
M2026160,team_34,7.357533491241479
M2026160,team_46,3.6964291026077793
M2026161,team_34,6.009096854892432
M2026161,team_47,4.884849293387627
M2026162,team_34,7.713015146527416
M2026162,team_48,5.402950056634619
M2026163,team_36,7.2578792504080525
M2026163,team_37,5.818662428317523
M2026164,team_36,6.416731206072881
M2026164,team_39,5.542272368453708
M2026165,team_36,6.991961856897886
M2026165,team_42,6.136980434825319
M2026166,team_36,7.098963354793396
M2026166,team_43,7.250428171580825
M2026167,team_36,7.019379857232031
M2026167,team_46,3.95715106628268
M2026168,team_36,5.169455986837631
M2026168,team_47,5.1967624316804075
M2026169,team_36,5.329145257521476
M2026169,team_48,6.675925882858666
M2026170,team_37,6.249332569137463
M2026170,team_39,4.804606773944066
M2026171,team_37,4.7543090000159935
M2026171,team_42,6.455029091101378
M2026172,team_37,6.153183203517997
M2026172,team_43,7.304958983204469
M2026173,team_37,6.244610406047863
M2026173,team_46,4.591635210102386
M2026174,team_37,5.908844603305882
M2026174,team_47,5.513817332921881
M2026175,team_37,4.576836673478262
M2026175,team_48,5.977943796486632
M2026176,team_39,6.119296081614516
M2026176,team_42,5.05751014243568
M2026177,team_39,6.229886193563906
M2026177,team_43,6.536656699122111
M2026178,team_39,5.937879457935247
M2026178,team_46,3.715259256017991
M2026179,team_39,5.564312759452912
M2026179,team_47,7.037504876102598
M2026180,team_39,6.847804929391093
M2026180,team_48,6.186346859024686
M2026181,team_42,6.919741025466486
M2026181,team_43,6.9929506446524305
M2026182,team_42,6.208833242864975
M2026182,team_46,4.315097683716656
M2026183,team_42,6.392658621143464
M2026183,team_47,5.454090542488678
M2026184,team_42,6.5410044767358615
M2026184,team_48,5.2234505307576145
M2026185,team_43,9.229154338365838
M2026185,team_46,4.114318107853318
M2026186,team_43,6.335599803329761
M2026186,team_47,5.76261377720394
M2026187,team_43,8.388078911044857
M2026187,team_48,5.482119288903493
M2026188,team_46,5.1263313523273295
M2026188,team_47,6.531923705633345
M2026189,team_46,4.608332664678073
M2026189,team_48,6.976252789822171
M2026190,team_47,5.518494216811141
M2026190,team_48,5.447002092363402
